{"total_time": 103.5, "total_cost": 21325.0, "mitigation_strategy": "Mitigate", "mitigation_budget": 10000.0, "time_results": [103.5], "cost_results": [21325.0], "time_90th_percentile": 110.5757878242167, "cost_90th_percentile": 22340.29634425948, "time_threshold": 150.0, "cost_threshold": 75000.0, "time_exceed_probability": 0.0, "cost_exceed_probability": 0.0, "time_std_dev": 5.5279592376692985, "cost_std_dev": 793.2002689527195, "time_confidence_lower": 92.66519989416818, "time_confidence_upper": 114.33480010583182, "cost_confidence_lower": 19770.32747285267, "cost_confidence_upper": 22879.67252714733, "target_time": 120.0, "target_cost": 60000.0, "time_target_probability": 0.9985813045565172, "cost_target_probability": 1.0, "base_cost": 15000.0, "contingency_reserve": 5000.0, "contingency_reserve_used": 2000.0, "schedule_variance": 0.0, "cost_variance": 0.0}