{"total_time": 14.029361231918404, "total_cost": 10520.381354531277, "mitigation_strategy": "Mitigate", "mitigation_budget": 5000.0, "time_results": [14.253001737702867, 14.07507949778353, 13.277034930274693, 12.901896800742726, 14.636203398468064, 14.035712019485029, 15.231653359313107, 15.606976894444253, 15.336152450914462, 12.657085295909978, 14.337374065217684, 13.301095510713276, 14.5824571074555, 13.926291445478935, 13.250584468806899, 12.812163084138884, 13.31145037145537, 14.739127072101397, 14.588709542195062, 14.024582431313245, 14.424757024766627, 14.023624589359576, 15.063651027307507, 14.540271162771809, 16.446059811822728, 13.941234550382829, 14.854900469489543, 15.027360467649979, 15.509701340986526, 15.26528478729404, 13.338602374177517, 14.282150132427658, 13.184439579183017, 13.525646114706085, 14.047149642111982, 12.57243598863344, 14.48786002153276, 12.834524703506641, 14.850593652214476, 15.58694496138272, 16.056631073333556, 13.439321919935116, 14.971603480889799, 14.988156732492559, 13.737370658603023, 14.78614025850873, 13.221401345071648, 13.92162481975755, 13.598926383836643, 14.747840358314772, 13.702395032268075, 12.986672830270116, 15.11368825198852, 12.934768230451121, 13.56529590110302, 15.226462794860556, 15.26408220294553, 14.502609565780986, 13.740465603552565, 15.680243177986192, 13.070786470545247, 14.085144651733774, 14.57292133012212, 14.464186592695047, 14.944606300542532, 14.330347046084205, 14.608083665633615, 12.96750422727795, 13.446841826778238, 14.040489863246389, 13.48262206424242, 14.060255253046972, 13.102370016910076, 12.268564784938487, 15.932787240653937, 14.752788477448416, 14.774665247194264, 14.361410527046978, 15.00480566555933, 12.694500712731848, 14.043775370726152, 14.731218495695412, 15.888650118572151, 13.086042717850807, 13.342825382624325, 14.433204691688248, 15.349896156974939, 12.645459095515918, 13.232321556835993, 12.558125741589606, 14.527387204096794, 15.277985380842665, 12.202046950936403, 16.314056601901452, 14.761717321436613, 14.65111562334701, 14.09675175515097, 11.703240479441416, 14.667593010438402, 14.661674567525926,  14.72104466810887, 14.792329280215057, 14.432690128382042, 14.578254271974615, 13.638374260606831, 13.087177724479012, 13.679199511348891, 13.759096335022612, 14.473362287375378, 14.634862582609315, 15.180893698262235, 15.987645243455066, 12.733885644311252, 14.043216830250108, 14.28891771394826, 13.520035280012184, 15.055020411251862, 12.633864310026539, 13.926262181237263, 13.0653276296453, 13.657645786842513, 14.459825315002773, 14.789182828795536, 15.535273006412055, 15.129321989519664, 14.91737482045442, 14.27615642441672, 14.070025354542695, 13.190801080719076, 14.583338342454576, 14.949450254632023], "cost_results": [9720.699766027034, 10556.744699448129, 10993.989643651752, 11395.292896741834, 11640.517888982462, 11491.885844520464, 9558.161053975042, 10705.388219847277,  10573.215283207886, 10015.661987096613, 11511.093540716935, 10613.747385399533, 10313.124748486414, 10162.993206950116, 10145.93438712925, 9820.411387317801, 11588.00144534827, 11072.135588601446, 10144.619619652713, 10899.630950826766, 10593.572513729318, 9297.418680290077, 10940.005315083585, 9734.756933728911, 10250.113727665623, 10535.946526510252, 10833.805520803358, 11293.953966406185, 10479.657119700372, 10863.270650833172, 10537.675732171057, 11040.41885658809, 11084.70818302897, 10813.687552426038, 10942.866304312229, 10223.536046672898, 9827.015801081889, 10288.904397823593, 10325.689932403053, 10838.089899569291, 10923.93811938986, 11334.013709186558, 11930.76402146597, 9587.921814718215, 10558.692239135176, 10716.56191078718, 10169.671578940297, 11244.794339068252, 9525.560519454259, 10452.623956327461, 9791.556115629282, 10249.756874576517, 10835.844523329108, 11070.464260083067, 11621.080331449564, 11280.408491127304, 11185.736717364602, 10705.289834874466, 10566.970528399783, 9885.19599425231, 10883.98819402049, 11197.17845591941, 9937.263818010153], "time_90th_percentile": 15.180893698262235, "cost_90th_percentile": 11354.359727591152, "time_threshold": 15.0, "cost_threshold": 10000.0, "time_exceed_probability": 0.137, "cost_exceed_probability": 0.776, "time_std_dev": 0.8780345617085072, "cost_std_dev": 629.7929993060548, "time_confidence_lower": 12.30841349096973, "time_confidence_upper": 15.750308972867078, "cost_confidence_lower": 9285.98707589141, "cost_confidence_upper": 11754.775633171144, "target_time": 15.0, "target_cost": 10000.0, "time_target_probability": 0.863, "cost_target_probability": 0.224, "base_cost": 10000.0, "contingency_reserve": 5000.0, "contingency_reserve_used": 0.0, "schedule_variance": 0.0, "cost_variance": 520.3813545312769}